Fecha,TV,Emisora,Serie,Vencimiento,Tasa de Interes,Plazo a Vencimiento,Futuro,Pliq,Bid,Ask,Call o Put,Hubo Bid/Ask,Volatilidad,V. Teorico,
20230912,OI,IP,40000,C,.1193000000,.5138888889,53969,15676.0000000000,.0000000000,.0000000000,0,0,.5878180000,15676.2913680000
20230912,OI,IP,40500,C,.1193000000,.5138888889,53969,15295.0000000000,.0000000000,.0000000000,0,0,.5818750000,15294.6290560000
20230912,OI,IP,41000,C,.1193000000,.5138888889,53969,14915.0000000000,.0000000000,.0000000000,0,0,.5758990000,14914.8037110000
20230912,OI,IP,41500,C,.1193000000,.5138888889,53969,14537.0000000000,.0000000000,.0000000000,0,0,.5699110000,14537.0589210000
20230912,OI,IP,42000,C,.1193000000,.5138888889,53969,14161.0000000000,.0000000000,.0000000000,0,0,.5638880000,14161.2070520000
20230912,OI,IP,42500,C,.1193000000,.5138888889,53969,13787.0000000000,.0000000000,.0000000000,0,0,.5578310000,13787.2954500000
20230912,OI,IP,43000,C,.1193000000,.5138888889,53969,13415.0000000000,.0000000000,.0000000000,0,0,.5517390000,13415.3541250000
20230912,OI,IP,43500,C,.1193000000,.5138888889,53969,13045.0000000000,.0000000000,.0000000000,0,0,.5456090000,13045.3938550000
20230912,OI,IP,44000,C,.1193000000,.5138888889,53969,12677.0000000000,.0000000000,.0000000000,0,0,.5394430000,12677.4821340000
20230912,OI,IP,44500,C,.1193000000,.5138888889,53969,12312.0000000000,.0000000000,.0000000000,0,0,.5332390000,12311.6467500000
20230912,OI,IP,45000,C,.1193000000,.5138888889,53969,11948.0000000000,.0000000000,.0000000000,0,0,.5269950000,11947.9180200000
20230912,OI,IP,45500,C,.1193000000,.5138888889,53969,11586.0000000000,.0000000000,.0000000000,0,0,.5207100000,11586.3408300000
20230912,OI,IP,46000,C,.1193000000,.5138888889,53969,11227.0000000000,.0000000000,.0000000000,0,0,.5143840000,11226.9759870000
20230912,OI,IP,46500,C,.1193000000,.5138888889,53969,10870.0000000000,.0000000000,.0000000000,0,0,.5080150000,10869.8651910000
20230912,OI,IP,47000,C,.1193000000,.5138888889,53969,10515.0000000000,.0000000000,.0000000000,0,0,.5016040000,10515.0910080000
20230912,OI,IP,47500,C,.1193000000,.5138888889,53969,10163.0000000000,.0000000000,.0000000000,0,0,.4951430000,10162.6302150000
20230912,OI,IP,48000,C,.1193000000,.5138888889,53969,9813.0000000000,.0000000000,.0000000000,0,0,.4886310000,9812.5487420000
20230912,OI,IP,48500,C,.1193000000,.5138888889,53969,9465.0000000000,.0000000000,.0000000000,0,0,.4820650000,9464.8930380000
20230912,OI,IP,49000,C,.1193000000,.5138888889,53969,9120.0000000000,.0000000000,.0000000000,0,0,.4754430000,9119.7279680000
20230912,OI,IP,49500,C,.1193000000,.5138888889,53969,8777.0000000000,.0000000000,.0000000000,0,0,.4687660000,8777.1647370000
20230912,OI,IP,50000,C,.1193000000,.5138888889,53969,8437.0000000000,.0000000000,.0000000000,0,0,.4620310000,8437.2705610000
20230912,OI,IP,50500,C,.1193000000,.5138888889,53969,8100.0000000000,.0000000000,.0000000000,0,0,.4552320000,8100.0797120000
20230912,OI,IP,51000,C,.1193000000,.5138888889,53969,7766.0000000000,.0000000000,.0000000000,0,0,.4483660000,7765.6741330000
20230912,OI,IP,51500,C,.1193000000,.5138888889,53969,7434.0000000000,.0000000000,.0000000000,0,0,.4414280000,7434.1178630000
20230912,OI,IP,52000,C,.1193000000,.5138888889,53969,7106.0000000000,.0000000000,.0000000000,0,0,.4344150000,7105.5125450000
20230912,OI,IP,52500,C,.1193000000,.5138888889,53969,6780.0000000000,.0000000000,.0000000000,0,0,.4273210000,6779.9299590000
20230912,OI,IP,53000,C,.1193000000,.5138888889,53969,6457.0000000000,.0000000000,.0000000000,0,0,.4201410000,6457.4683780000
20230912,OI,IP,53500,C,.1193000000,.5138888889,53969,6138.0000000000,.0000000000,.0000000000,0,0,.4128700000,6138.2407620000
20230912,OI,IP,54000,C,.1193000000,.5138888889,53969,5822.0000000000,.0000000000,.0000000000,0,0,.4054990000,5822.3196190000
20230912,OI,IP,54500,C,.1193000000,.5138888889,53969,5510.0000000000,.0000000000,.0000000000,0,0,.3980230000,5509.8528970000
20230912,OI,IP,55000,C,.1193000000,.5138888889,53969,5201.0000000000,.0000000000,.0000000000,0,0,.3904320000,5200.9384900000
20230912,OI,IP,55500,C,.1193000000,.5138888889,53969,4896.0000000000,.0000000000,.0000000000,0,0,.3827510000,4896.2037310000
20230912,OI,IP,56000,C,.1193000000,.5138888889,53969,4596.0000000000,.0000000000,.0000000000,0,0,.3749590000,4595.6414070000
20230912,OI,IP,56500,C,.1193000000,.5138888889,53969,4299.0000000000,.0000000000,.0000000000,0,0,.3670340000,4299.2592590000
20230912,OI,IP,57000,C,.1193000000,.5138888889,53969,4007.0000000000,.0000000000,.0000000000,0,0,.3589660000,4007.2745950000
20230912,OI,IP,57500,C,.1193000000,.5138888889,53969,3720.0000000000,.0000000000,.0000000000,0,0,.3507430000,3719.9186660000
20230912,OI,IP,58000,C,.1193000000,.5138888889,53969,3437.0000000000,.0000000000,.0000000000,0,0,.3423520000,3437.4584880000
20230912,OI,IP,58500,C,.1193000000,.5138888889,53969,3161.0000000000,.0000000000,.0000000000,0,0,.3338180000,3160.7552950000
20230912,OI,IP,59000,C,.1193000000,.5138888889,53969,2891.0000000000,.0000000000,.0000000000,0,0,.3251760000,2890.8522940000
20230912,OI,IP,59500,C,.1193000000,.5138888889,53969,2627.0000000000,.0000000000,.0000000000,0,0,.3163620000,2627.4639750000
20230912,OI,IP,60000,C,.1193000000,.5138888889,53969,2371.0000000000,.0000000000,.0000000000,0,0,.3073690000,2371.1905090000
20230912,OI,IP,60500,C,.1193000000,.5138888889,53969,2123.0000000000,.0000000000,.0000000000,0,0,.2981880000,2122.6888970000
20230912,OI,IP,61000,C,.1193000000,.5138888889,53969,1884.0000000000,.0000000000,.0000000000,0,0,.2889040000,1883.9126410000
20230912,OI,IP,61500,C,.1193000000,.5138888889,53969,1658.0000000000,.0000000000,.0000000000,0,0,.2797160000,1658.1681920000
20230912,OI,IP,62000,C,.1193000000,.5138888889,53969,1445.0000000000,.0000000000,.0000000000,0,0,.2705490000,1445.1730880000
20230912,OI,IP,62500,C,.1193000000,.5138888889,53969,1247.0000000000,.0000000000,.0000000000,0,0,.2615160000,1246.9072880000
20230912,OI,IP,63000,C,.1193000000,.5138888889,53969,1065.0000000000,.0000000000,.0000000000,0,0,.2527510000,1065.2782200000
20230912,OI,IP,63500,C,.1193000000,.5138888889,53969,916.0000000000,.0000000000,.0000000000,0,0,.2458260000,916.2844030000
20230912,OI,IP,64000,C,.1193000000,.5138888889,53969,801.0000000000,.0000000000,.0000000000,0,0,.2412180000,801.4073150000
20230912,OI,IP,64500,C,.1193000000,.5138888889,53969,724.0000000000,.0000000000,.0000000000,0,0,.2397200000,723.9185700000
20230912,OI,IP,65000,C,.1193000000,.5138888889,53969,688.0000000000,.0000000000,.0000000000,0,0,.2422740000,687.6445980000
20230912,OI,IP,65500,C,.1193000000,.5138888889,53969,674.0000000000,.0000000000,.0000000000,0,0,.2472060000,674.3581620000
20230912,OI,IP,66000,C,.1193000000,.5138888889,53969,662.0000000000,.0000000000,.0000000000,0,0,.2520840000,661.9153890000
20230912,OI,IP,66500,C,.1193000000,.5138888889,53969,650.0000000000,.0000000000,.0000000000,0,0,.2568700000,649.9148910000
20230912,OI,IP,67000,C,.1193000000,.5138888889,53969,638.0000000000,.0000000000,.0000000000,0,0,.2615440000,638.1355150000
20230912,OI,IP,67500,C,.1193000000,.5138888889,53969,627.0000000000,.0000000000,.0000000000,0,0,.2661150000,626.6074860000
20230912,OI,IP,68000,C,.1193000000,.5138888889,53969,615.0000000000,.0000000000,.0000000000,0,0,.2705760000,615.2354300000
20230912,OI,IP,68500,C,.1193000000,.5138888889,53969,604.0000000000,.0000000000,.0000000000,0,0,.2749330000,604.0333140000
20230912,OI,IP,69000,C,.1193000000,.5138888889,53969,593.0000000000,.0000000000,.0000000000,0,0,.2792070000,593.1294690000
20230912,OI,IP,69500,C,.1193000000,.5138888889,53969,582.0000000000,.0000000000,.0000000000,0,0,.2833830000,582.3769950000
20230912,OI,IP,70000,C,.1193000000,.5138888889,53969,572.0000000000,.0000000000,.0000000000,0,0,.2874650000,571.7795400000
20230912,OI,IP,40000,F,.1210190000,.7861111111,55110,17541.0000000000,.0000000000,.0000000000,0,0,.6040910000,17540.9846650000
20230912,OI,IP,40500,F,.1210190000,.7861111111,55110,17195.0000000000,.0000000000,.0000000000,0,0,.5992230000,17194.7274310000
20230912,OI,IP,41000,F,.1210190000,.7861111111,55110,16850.0000000000,.0000000000,.0000000000,0,0,.5943360000,16850.0285540000
20230912,OI,IP,41500,F,.1210190000,.7861111111,55110,16507.0000000000,.0000000000,.0000000000,0,0,.5894400000,16507.0282080000
20230912,OI,IP,42000,F,.1210190000,.7861111111,55110,16166.0000000000,.0000000000,.0000000000,0,0,.5845260000,16165.6300740000
20230912,OI,IP,42500,F,.1210190000,.7861111111,55110,15826.0000000000,.0000000000,.0000000000,0,0,.5795920000,15825.8240280000
20230912,OI,IP,43000,F,.1210190000,.7861111111,55110,15488.0000000000,.0000000000,.0000000000,0,0,.5746370000,15487.6133120000
20230912,OI,IP,43500,F,.1210190000,.7861111111,55110,15151.0000000000,.0000000000,.0000000000,0,0,.5696610000,15151.0156810000
20230912,OI,IP,44000,F,.1210190000,.7861111111,55110,14816.0000000000,.0000000000,.0000000000,0,0,.5646630000,14816.0369020000
20230912,OI,IP,44500,F,.1210190000,.7861111111,55110,14483.0000000000,.0000000000,.0000000000,0,0,.5596430000,14482.6978400000
20230912,OI,IP,45000,F,.1210190000,.7861111111,55110,14151.0000000000,.0000000000,.0000000000,0,0,.5546010000,14151.0213520000
20230912,OI,IP,45500,F,.1210190000,.7861111111,55110,13821.0000000000,.0000000000,.0000000000,0,0,.5495350000,13821.0035520000
20230912,OI,IP,46000,F,.1210190000,.7861111111,55110,13493.0000000000,.0000000000,.0000000000,0,0,.5444470000,13492.6995830000
20230912,OI,IP,46500,F,.1210190000,.7861111111,55110,13166.0000000000,.0000000000,.0000000000,0,0,.5393340000,13166.0944350000
20230912,OI,IP,47000,F,.1210190000,.7861111111,55110,12841.0000000000,.0000000000,.0000000000,0,0,.5341980000,12841.2481190000
20230912,OI,IP,47500,F,.1210190000,.7861111111,55110,12518.0000000000,.0000000000,.0000000000,0,0,.5290360000,12518.1488060000
20230912,OI,IP,48000,F,.1210190000,.7861111111,55110,12197.0000000000,.0000000000,.0000000000,0,0,.5238480000,12196.8311360000
20230912,OI,IP,48500,F,.1210190000,.7861111111,55110,11877.0000000000,.0000000000,.0000000000,0,0,.5186310000,11877.2859590000
20230912,OI,IP,49000,F,.1210190000,.7861111111,55110,11560.0000000000,.0000000000,.0000000000,0,0,.5133860000,11559.5677490000
20230912,OI,IP,49500,F,.1210190000,.7861111111,55110,11244.0000000000,.0000000000,.0000000000,0,0,.5081140000,11243.7347700000
20230912,OI,IP,50000,F,.1210190000,.7861111111,55110,10930.0000000000,.0000000000,.0000000000,0,0,.5028110000,10929.7690550000
20230912,OI,IP,50500,F,.1210190000,.7861111111,55110,10618.0000000000,.0000000000,.0000000000,0,0,.4974780000,10617.7343950000
20230912,OI,IP,51000,F,.1210190000,.7861111111,55110,10308.0000000000,.0000000000,.0000000000,0,0,.4921130000,10307.6498430000
20230912,OI,IP,51500,F,.1210190000,.7861111111,55110,10000.0000000000,.0000000000,.0000000000,0,0,.4867150000,9999.5535590000
20230912,OI,IP,52000,F,.1210190000,.7861111111,55110,9693.0000000000,.0000000000,.0000000000,0,0,.4812820000,9693.4705870000
20230912,OI,IP,52500,F,.1210190000,.7861111111,55110,9389.0000000000,.0000000000,.0000000000,0,0,.4758140000,9389.4627070000
20230912,OI,IP,53000,F,.1210190000,.7861111111,55110,9088.0000000000,.0000000000,.0000000000,0,0,.4703080000,9087.5456620000
20230912,OI,IP,53500,F,.1210190000,.7861111111,55110,8788.0000000000,.0000000000,.0000000000,0,0,.4647630000,8787.7726000000
20230912,OI,IP,54000,F,.1210190000,.7861111111,55110,8490.0000000000,.0000000000,.0000000000,0,0,.4591770000,8490.1843380000
20230912,OI,IP,54500,F,.1210190000,.7861111111,55110,8195.0000000000,.0000000000,.0000000000,0,0,.4535490000,8194.8436330000
20230912,OI,IP,55000,F,.1210190000,.7861111111,55110,7902.0000000000,.0000000000,.0000000000,0,0,.4478760000,7901.7842060000
20230912,OI,IP,55500,F,.1210190000,.7861111111,55110,7611.0000000000,.0000000000,.0000000000,0,0,.4421780000,7611.4450310000
20230912,OI,IP,56000,F,.1210190000,.7861111111,55110,7324.0000000000,.0000000000,.0000000000,0,0,.4364380000,7323.6317470000
20230912,OI,IP,56500,F,.1210190000,.7861111111,55110,7038.0000000000,.0000000000,.0000000000,0,0,.4306510000,7038.3619300000
20230912,OI,IP,57000,F,.1210190000,.7861111111,55110,6756.0000000000,.0000000000,.0000000000,0,0,.4248150000,6755.7122070000
20230912,OI,IP,57500,F,.1210190000,.7861111111,55110,6476.0000000000,.0000000000,.0000000000,0,0,.4189280000,6475.7669990000
20230912,OI,IP,58000,F,.1210190000,.7861111111,55110,6199.0000000000,.0000000000,.0000000000,0,0,.4129850000,6198.5662740000
20230912,OI,IP,58500,F,.1210190000,.7861111111,55110,5925.0000000000,.0000000000,.0000000000,0,0,.4070080000,5924.6359100000
20230912,OI,IP,59000,F,.1210190000,.7861111111,55110,5654.0000000000,.0000000000,.0000000000,0,0,.4010010000,5654.1941280000
20230912,OI,IP,59500,F,.1210190000,.7861111111,55110,5387.0000000000,.0000000000,.0000000000,0,0,.3949390000,5386.9560550000
20230912,OI,IP,60000,F,.1210190000,.7861111111,55110,5123.0000000000,.0000000000,.0000000000,0,0,.3888210000,5123.0715560000
20230912,OI,IP,60500,F,.1210190000,.7861111111,55110,4863.0000000000,.0000000000,.0000000000,0,0,.3826420000,4862.6322270000
20230912,OI,IP,61000,F,.1210190000,.7861111111,55110,4606.0000000000,.0000000000,.0000000000,0,0,.3764350000,4606.4080740000
20230912,OI,IP,61500,F,.1210190000,.7861111111,55110,4355.0000000000,.0000000000,.0000000000,0,0,.3702200000,4354.9446730000
20230912,OI,IP,62000,F,.1210190000,.7861111111,55110,4108.0000000000,.0000000000,.0000000000,0,0,.3639550000,4107.7169720000
20230912,OI,IP,62500,F,.1210190000,.7861111111,55110,3865.0000000000,.0000000000,.0000000000,0,0,.3576400000,3864.9503770000
20230912,OI,IP,63000,F,.1210190000,.7861111111,55110,3627.0000000000,.0000000000,.0000000000,0,0,.3512780000,3626.9346900000
20230912,OI,IP,63500,F,.1210190000,.7861111111,55110,3396.0000000000,.0000000000,.0000000000,0,0,.3450090000,3396.2740230000
20230912,OI,IP,64000,F,.1210190000,.7861111111,55110,3171.0000000000,.0000000000,.0000000000,0,0,.3387310000,3171.4511680000
20230912,OI,IP,64500,F,.1210190000,.7861111111,55110,2953.0000000000,.0000000000,.0000000000,0,0,.3324500000,2952.8029620000
20230912,OI,IP,65000,F,.1210190000,.7861111111,55110,2741.0000000000,.0000000000,.0000000000,0,0,.3261970000,2741.0679500000
20230912,OI,IP,65500,F,.1210190000,.7861111111,55110,2541.0000000000,.0000000000,.0000000000,0,0,.3202380000,2540.6650210000
20230912,OI,IP,66000,F,.1210190000,.7861111111,55110,2349.0000000000,.0000000000,.0000000000,0,0,.3144310000,2349.3513270000
20230912,OI,IP,66500,F,.1210190000,.7861111111,55110,2168.0000000000,.0000000000,.0000000000,0,0,.3088180000,2167.8163180000
20230912,OI,IP,67000,F,.1210190000,.7861111111,55110,2001.0000000000,.0000000000,.0000000000,0,0,.3037150000,2000.7076250000
20230912,OI,IP,67500,F,.1210190000,.7861111111,55110,1853.0000000000,.0000000000,.0000000000,0,0,.2995230000,1853.3832430000
20230912,OI,IP,68000,F,.1210190000,.7861111111,55110,1725.0000000000,.0000000000,.0000000000,0,0,.2962340000,1724.7973920000
20230912,OI,IP,68500,F,.1210190000,.7861111111,55110,1618.0000000000,.0000000000,.0000000000,0,0,.2941050000,1617.5031070000
20230912,OI,IP,69000,F,.1210190000,.7861111111,55110,1564.0000000000,.0000000000,.0000000000,0,0,.2956410000,1563.9754820000
20230912,OI,IP,69500,F,.1210190000,.7861111111,55110,1529.0000000000,.0000000000,.0000000000,0,0,.2984010000,1529.0459370000
20230912,OI,IP,70000,F,.1210190000,.7861111111,55110,1509.0000000000,.0000000000,.0000000000,0,0,.3021840000,1509.3005390000
20230912,OI,IP,40000,I,.1114560000,.0083333333,51804,11793.0000000000,.0000000000,.0000000000,0,0,.8832770000,11793.4966590000
20230912,OI,IP,40500,I,.1114560000,.0083333333,51804,11294.0000000000,.0000000000,.0000000000,0,0,.8592780000,11294.1276180000
20230912,OI,IP,41000,I,.1114560000,.0083333333,51804,10795.0000000000,.0000000000,.0000000000,0,0,.8341670000,10794.7874820000
20230912,OI,IP,41500,I,.1114560000,.0083333333,51804,10295.0000000000,.0000000000,.0000000000,0,0,.8079980000,10295.4791220000
20230912,OI,IP,42000,I,.1114560000,.0083333333,51804,9796.0000000000,.0000000000,.0000000000,0,0,.7808240000,9796.2056190000
20230912,OI,IP,42500,I,.1114560000,.0083333333,51804,9297.0000000000,.0000000000,.0000000000,0,0,.7527310000,9296.9712690000
20230912,OI,IP,43000,I,.1114560000,.0083333333,51804,8798.0000000000,.0000000000,.0000000000,0,0,.7237200000,8797.7790780000
20230912,OI,IP,43500,I,.1114560000,.0083333333,51804,8299.0000000000,.0000000000,.0000000000,0,0,.6938240000,8298.6331090000
20230912,OI,IP,44000,I,.1114560000,.0083333333,51804,7800.0000000000,.0000000000,.0000000000,0,0,.6630900000,7799.5388440000
20230912,OI,IP,44500,I,.1114560000,.0083333333,51804,7301.0000000000,.0000000000,.0000000000,0,0,.6315580000,7300.5031220000
20230912,OI,IP,45000,I,.1114560000,.0083333333,51804,6802.0000000000,.0000000000,.0000000000,0,0,.5992650000,6801.5349300000
20230912,OI,IP,45500,I,.1114560000,.0083333333,51804,6303.0000000000,.0000000000,.0000000000,0,0,.5662440000,6302.6463540000
20230912,OI,IP,46000,I,.1114560000,.0083333333,51804,5804.0000000000,.0000000000,.0000000000,0,0,.5325180000,5803.8535800000
20230912,OI,IP,46500,I,.1114560000,.0083333333,51804,5305.0000000000,.0000000000,.0000000000,0,0,.4981120000,5305.1800290000
20230912,OI,IP,47000,I,.1114560000,.0083333333,51804,4807.0000000000,.0000000000,.0000000000,0,0,.4630550000,4806.6609260000
20230912,OI,IP,47500,I,.1114560000,.0083333333,51804,4308.0000000000,.0000000000,.0000000000,0,0,.4274180000,4308.3565790000
20230912,OI,IP,48000,I,.1114560000,.0083333333,51804,3810.0000000000,.0000000000,.0000000000,0,0,.3914030000,3810.3883760000
20230912,OI,IP,48500,I,.1114560000,.0083333333,51804,3313.0000000000,.0000000000,.0000000000,0,0,.3555500000,3313.0437940000
20230912,OI,IP,49000,I,.1114560000,.0083333333,51804,2817.0000000000,.0000000000,.0000000000,0,0,.3210930000,2817.0758570000
20230912,OI,IP,49500,I,.1114560000,.0083333333,51804,2324.0000000000,.0000000000,.0000000000,0,0,.2902010000,2324.4918600000
20230912,OI,IP,50000,I,.1114560000,.0083333333,51804,1840.0000000000,.0000000000,.0000000000,0,0,.2652650000,1840.3276140000
20230912,OI,IP,50500,I,.1114560000,.0083333333,51804,1376.0000000000,.0000000000,.0000000000,0,0,.2470810000,1375.5752440000
20230912,OI,IP,51000,I,.1114560000,.0083333333,51804,950.0000000000,.0000000000,.0000000000,0,0,.2342380000,949.6265050000
20230912,OI,IP,51500,I,.1114560000,.0083333333,51804,588.0000000000,.0000000000,.0000000000,0,0,.2245930000,588.4175890000
20230912,OI,IP,52000,I,.1114560000,.0083333333,51804,316.0000000000,.0000000000,.0000000000,0,0,.2164500000,315.5144760000
20230912,OI,IP,52500,I,.1114560000,.0083333333,51804,140.0000000000,.0000000000,.0000000000,0,0,.2087100000,139.5886920000
20230912,OI,IP,53000,I,.1114560000,.0083333333,51804,48.0000000000,.0000000000,.0000000000,0,0,.2007140000,47.7531000000
20230912,OI,IP,53500,I,.1114560000,.0083333333,51804,12.0000000000,.0000000000,.0000000000,0,0,.1921720000,11.5510010000
20230912,OI,IP,54000,I,.1114560000,.0083333333,51804,2.0000000000,.0000000000,.0000000000,0,0,.1855700000,1.9679490000
20230912,OI,IP,54500,I,.1114560000,.0083333333,51804,.0000000000,.0000000000,.0000000000,0,0,.1840600000,.2933590000
20230912,OI,IP,55000,I,.1114560000,.0083333333,51804,.0000000000,.0000000000,.0000000000,0,0,.1813460000,.0289640000
20230912,OI,IP,55500,I,.1114560000,.0083333333,51804,.0000000000,.0000000000,.0000000000,0,0,.1766070000,.0015250000
20230912,OI,IP,56000,I,.1114560000,.0083333333,51804,.0000000000,.0000000000,.0000000000,0,0,.1705350000,.0000360000
20230912,OI,IP,56500,I,.1114560000,.0083333333,51804,.0000000000,.0000000000,.0000000000,0,0,.1653530000,.0000000000
20230912,OI,IP,57000,I,.1114560000,.0083333333,51804,.0000000000,.0000000000,.0000000000,0,0,.1255160000,.0000000000
20230912,OI,IP,57500,I,.1114560000,.0083333333,51804,.0000000000,.0000000000,.0000000000,0,0,.1343580000,.0000000000
20230912,OI,IP,58000,I,.1114560000,.0083333333,51804,.0000000000,.0000000000,.0000000000,0,0,.1386400000,.0000000000
20230912,OI,IP,58500,I,.1114560000,.0083333333,51804,.0000000000,.0000000000,.0000000000,0,0,.1420080000,.0000000000
20230912,OI,IP,59000,I,.1114560000,.0083333333,51804,.0000000000,.0000000000,.0000000000,0,0,.1380890000,.0000000000
20230912,OI,IP,59500,I,.1114560000,.0083333333,51804,.0000000000,.0000000000,.0000000000,0,0,.1366310000,.0000000000
20230912,OI,IP,60000,I,.1114560000,.0083333333,51804,.0000000000,.0000000000,.0000000000,0,0,.1360480000,.0000000000
20230912,OI,IP,60500,I,.1114560000,.0083333333,51804,.0000000000,.0000000000,.0000000000,0,0,.1387720000,.0000000000
20230912,OI,IP,61000,I,.1114560000,.0083333333,51804,.0000000000,.0000000000,.0000000000,0,0,.1444370000,.0000000000
20230912,OI,IP,61500,I,.1114560000,.0083333333,51804,.0000000000,.0000000000,.0000000000,0,0,.1500960000,.0000000000
20230912,OI,IP,62000,I,.1114560000,.0083333333,51804,.0000000000,.0000000000,.0000000000,0,0,.1556260000,.0000000000
20230912,OI,IP,62500,I,.1114560000,.0083333333,51804,.0000000000,.0000000000,.0000000000,0,0,.1610710000,.0000000000
20230912,OI,IP,63000,I,.1114560000,.0083333333,51804,.0000000000,.0000000000,.0000000000,0,0,.1666240000,.0000000000
20230912,OI,IP,63500,I,.1114560000,.0083333333,51804,.0000000000,.0000000000,.0000000000,0,0,.1722030000,.0000000000
20230912,OI,IP,64000,I,.1114560000,.0083333333,51804,.0000000000,.0000000000,.0000000000,0,0,.1776860000,.0000000000
20230912,OI,IP,64500,I,.1114560000,.0083333333,51804,.0000000000,.0000000000,.0000000000,0,0,.1831190000,.0000000000
20230912,OI,IP,65000,I,.1114560000,.0083333333,51804,.0000000000,.0000000000,.0000000000,0,0,.1939290000,.0000000000
20230912,OI,IP,65500,I,.1114560000,.0083333333,51804,.0000000000,.0000000000,.0000000000,0,0,.1994900000,.0000000000
20230912,OI,IP,66000,I,.1114560000,.0083333333,51804,.0000000000,.0000000000,.0000000000,0,0,.2049780000,.0000000000
20230912,OI,IP,66500,I,.1114560000,.0083333333,51804,.0000000000,.0000000000,.0000000000,0,0,.2103160000,.0000000000
20230912,OI,IP,67000,I,.1114560000,.0083333333,51804,.0000000000,.0000000000,.0000000000,0,0,.2154300000,.0000000000
20230912,OI,IP,67500,I,.1114560000,.0083333333,51804,.0000000000,.0000000000,.0000000000,0,0,.2203360000,.0000000000
20230912,OI,IP,68000,I,.1114560000,.0083333333,51804,.0000000000,.0000000000,.0000000000,0,0,.2252890000,.0000000000
20230912,OI,IP,68500,I,.1114560000,.0083333333,51804,.0000000000,.0000000000,.0000000000,0,0,.2375080000,.0000000000
20230912,OI,IP,69000,I,.1114560000,.0083333333,51804,.0000000000,.0000000000,.0000000000,0,0,.2419800000,.0000000000
20230912,OI,IP,69500,I,.1114560000,.0083333333,51804,.0000000000,.0000000000,.0000000000,0,0,.2465170000,.0000000000
20230912,OI,IP,70000,I,.1114560000,.0083333333,51804,.0000000000,.0000000000,.0000000000,0,0,.2508600000,.0000000000
20230912,OI,IP,40000,L,.1167970000,.2611111111,52515,13058.0000000000,.0000000000,.0000000000,0,0,.5194390000,13057.7959510000
20230912,OI,IP,40500,L,.1167970000,.2611111111,52515,12623.0000000000,.0000000000,.0000000000,0,0,.5117690000,12622.7620870000
20230912,OI,IP,41000,L,.1167970000,.2611111111,52515,12190.0000000000,.0000000000,.0000000000,0,0,.5040840000,12190.0704320000
20230912,OI,IP,41500,L,.1167970000,.2611111111,52515,11760.0000000000,.0000000000,.0000000000,0,0,.4963790000,11759.8137090000
20230912,OI,IP,42000,L,.1167970000,.2611111111,52515,11332.0000000000,.0000000000,.0000000000,0,0,.4886410000,11332.0405640000
20230912,OI,IP,42500,L,.1167970000,.2611111111,52515,10907.0000000000,.0000000000,.0000000000,0,0,.4808770000,10906.9243500000
20230912,OI,IP,43000,L,.1167970000,.2611111111,52515,10485.0000000000,.0000000000,.0000000000,0,0,.4730920000,10484.6421990000
20230912,OI,IP,43500,L,.1167970000,.2611111111,52515,10065.0000000000,.0000000000,.0000000000,0,0,.4652930000,10065.4010460000
20230912,OI,IP,44000,L,.1167970000,.2611111111,52515,9649.0000000000,.0000000000,.0000000000,0,0,.4574860000,9649.4200790000
20230912,OI,IP,44500,L,.1167970000,.2611111111,52515,9237.0000000000,.0000000000,.0000000000,0,0,.4496770000,9236.9380880000
20230912,OI,IP,45000,L,.1167970000,.2611111111,52515,8828.0000000000,.0000000000,.0000000000,0,0,.4418720000,8828.2147260000
20230912,OI,IP,45500,L,.1167970000,.2611111111,52515,8424.0000000000,.0000000000,.0000000000,0,0,.4341000000,8423.7094300000
20230912,OI,IP,46000,L,.1167970000,.2611111111,52515,8024.0000000000,.0000000000,.0000000000,0,0,.4263440000,8023.5606120000
20230912,OI,IP,46500,L,.1167970000,.2611111111,52515,7628.0000000000,.0000000000,.0000000000,0,0,.4186060000,7628.0652280000
20230912,OI,IP,47000,L,.1167970000,.2611111111,52515,7238.0000000000,.0000000000,.0000000000,0,0,.4108910000,7237.5674650000
20230912,OI,IP,47500,L,.1167970000,.2611111111,52515,6852.0000000000,.0000000000,.0000000000,0,0,.4032030000,6852.4286910000
20230912,OI,IP,48000,L,.1167970000,.2611111111,52515,6473.0000000000,.0000000000,.0000000000,0,0,.3955470000,6473.0450240000
20230912,OI,IP,48500,L,.1167970000,.2611111111,52515,6100.0000000000,.0000000000,.0000000000,0,0,.3879260000,6099.8219140000
20230912,OI,IP,49000,L,.1167970000,.2611111111,52515,5733.0000000000,.0000000000,.0000000000,0,0,.3803420000,5733.1818360000
20230912,OI,IP,49500,L,.1167970000,.2611111111,52515,5374.0000000000,.0000000000,.0000000000,0,0,.3727970000,5373.5731200000
20230912,OI,IP,50000,L,.1167970000,.2611111111,52515,5021.0000000000,.0000000000,.0000000000,0,0,.3652920000,5021.4603610000
20230912,OI,IP,50500,L,.1167970000,.2611111111,52515,4677.0000000000,.0000000000,.0000000000,0,0,.3578280000,4677.3331060000
20230912,OI,IP,51000,L,.1167970000,.2611111111,52515,4342.0000000000,.0000000000,.0000000000,0,0,.3504520000,4342.1648100000
20230912,OI,IP,51500,L,.1167970000,.2611111111,52515,4016.0000000000,.0000000000,.0000000000,0,0,.3431360000,4016.2161200000
20230912,OI,IP,52000,L,.1167970000,.2611111111,52515,3700.0000000000,.0000000000,.0000000000,0,0,.3358740000,3699.9749560000
20230912,OI,IP,52500,L,.1167970000,.2611111111,52515,3394.0000000000,.0000000000,.0000000000,0,0,.3286620000,3393.9625220000
20230912,OI,IP,53000,L,.1167970000,.2611111111,52515,3099.0000000000,.0000000000,.0000000000,0,0,.3214970000,3098.7211840000
20230912,OI,IP,53500,L,.1167970000,.2611111111,52515,2815.0000000000,.0000000000,.0000000000,0,0,.3143740000,2814.7799810000
20230912,OI,IP,54000,L,.1167970000,.2611111111,52515,2543.0000000000,.0000000000,.0000000000,0,0,.3072850000,2542.6399130000
20230912,OI,IP,54500,L,.1167970000,.2611111111,52515,2283.0000000000,.0000000000,.0000000000,0,0,.3002220000,2282.8006710000
20230912,OI,IP,55000,L,.1167970000,.2611111111,52515,2036.0000000000,.0000000000,.0000000000,0,0,.2931730000,2035.7156450000
20230912,OI,IP,55500,L,.1167970000,.2611111111,52515,1802.0000000000,.0000000000,.0000000000,0,0,.2861220000,1801.7897950000
20230912,OI,IP,56000,L,.1167970000,.2611111111,52515,1584.0000000000,.0000000000,.0000000000,0,0,.2792870000,1583.6617980000
20230912,OI,IP,56500,L,.1167970000,.2611111111,52515,1380.0000000000,.0000000000,.0000000000,0,0,.2725140000,1380.2145830000
20230912,OI,IP,57000,L,.1167970000,.2611111111,52515,1191.0000000000,.0000000000,.0000000000,0,0,.2657490000,1191.3208560000
20230912,OI,IP,57500,L,.1167970000,.2611111111,52515,1017.0000000000,.0000000000,.0000000000,0,0,.2589750000,1017.1681660000
20230912,OI,IP,58000,L,.1167970000,.2611111111,52515,858.0000000000,.0000000000,.0000000000,0,0,.2521710000,857.8543490000
20230912,OI,IP,58500,L,.1167970000,.2611111111,52515,713.0000000000,.0000000000,.0000000000,0,0,.2453100000,713.3730890000
20230912,OI,IP,59000,L,.1167970000,.2611111111,52515,587.0000000000,.0000000000,.0000000000,0,0,.2388020000,586.6666630000
20230912,OI,IP,59500,L,.1167970000,.2611111111,52515,476.0000000000,.0000000000,.0000000000,0,0,.2324610000,475.7865790000
20230912,OI,IP,60000,L,.1167970000,.2611111111,52515,379.0000000000,.0000000000,.0000000000,0,0,.2261400000,379.2529290000
20230912,OI,IP,60500,L,.1167970000,.2611111111,52515,297.0000000000,.0000000000,.0000000000,0,0,.2198400000,296.5186150000
20230912,OI,IP,61000,L,.1167970000,.2611111111,52515,227.0000000000,.0000000000,.0000000000,0,0,.2135810000,226.9420780000
20230912,OI,IP,61500,L,.1167970000,.2611111111,52515,173.0000000000,.0000000000,.0000000000,0,0,.2083220000,173.0725090000
20230912,OI,IP,62000,L,.1167970000,.2611111111,52515,131.0000000000,.0000000000,.0000000000,0,0,.2037080000,131.0155700000
20230912,OI,IP,62500,L,.1167970000,.2611111111,52515,99.0000000000,.0000000000,.0000000000,0,0,.1997170000,98.6522630000
20230912,OI,IP,63000,L,.1167970000,.2611111111,52515,75.0000000000,.0000000000,.0000000000,0,0,.1966580000,74.7740080000
20230912,OI,IP,63500,L,.1167970000,.2611111111,52515,59.0000000000,.0000000000,.0000000000,0,0,.1956520000,59.4045710000
20230912,OI,IP,64000,L,.1167970000,.2611111111,52515,50.0000000000,.0000000000,.0000000000,0,0,.1967690000,50.1767260000
20230912,OI,IP,64500,L,.1167970000,.2611111111,52515,44.0000000000,.0000000000,.0000000000,0,0,.1991990000,44.2496560000
20230912,OI,IP,65000,L,.1167970000,.2611111111,52515,41.0000000000,.0000000000,.0000000000,0,0,.2028260000,40.7089470000
20230912,OI,IP,65500,L,.1167970000,.2611111111,52515,39.0000000000,.0000000000,.0000000000,0,0,.2073240000,38.6866760000
20230912,OI,IP,66000,L,.1167970000,.2611111111,52515,37.0000000000,.0000000000,.0000000000,0,0,.2118950000,36.9877370000
20230912,OI,IP,66500,L,.1167970000,.2611111111,52515,35.0000000000,.0000000000,.0000000000,0,0,.2164000000,35.4094450000
20230912,OI,IP,67000,L,.1167970000,.2611111111,52515,34.0000000000,.0000000000,.0000000000,0,0,.2207920000,33.8859990000
20230912,OI,IP,67500,L,.1167970000,.2611111111,52515,32.0000000000,.0000000000,.0000000000,0,0,.2251050000,32.4477880000
20230912,OI,IP,68000,L,.1167970000,.2611111111,52515,31.0000000000,.0000000000,.0000000000,0,0,.2293050000,31.0518120000
20230912,OI,IP,68500,L,.1167970000,.2611111111,52515,30.0000000000,.0000000000,.0000000000,0,0,.2333930000,29.6958320000
20230912,OI,IP,69000,L,.1167970000,.2611111111,52515,28.0000000000,.0000000000,.0000000000,0,0,.2374020000,28.4070340000
20230912,OI,IP,69500,L,.1167970000,.2611111111,52515,27.0000000000,.0000000000,.0000000000,0,0,.2413230000,27.1713330000
20230912,OI,IP,70000,L,.1167970000,.2611111111,52515,26.0000000000,.0000000000,.0000000000,0,0,.2451420000,25.9727830000
20230912,OI,IP,40000,O,.1193000000,.5138888889,53969,304.0000000000,.0000000000,.0000000000,1,0,.2920160000,303.6471580000
20230912,OI,IP,40500,O,.1193000000,.5138888889,53969,324.0000000000,.0000000000,.0000000000,1,0,.2868280000,324.2538830000
20230912,OI,IP,41000,O,.1193000000,.5138888889,53969,346.0000000000,.0000000000,.0000000000,1,0,.2816520000,346.2487410000
20230912,OI,IP,41500,O,.1193000000,.5138888889,53969,370.0000000000,.0000000000,.0000000000,1,0,.2765240000,369.9292720000
20230912,OI,IP,42000,O,.1193000000,.5138888889,53969,395.0000000000,.0000000000,.0000000000,1,0,.2714130000,395.2799060000
20230912,OI,IP,42500,O,.1193000000,.5138888889,53969,422.0000000000,.0000000000,.0000000000,1,0,.2663180000,422.4356520000
20230912,OI,IP,43000,O,.1193000000,.5138888889,53969,452.0000000000,.0000000000,.0000000000,1,0,.2612410000,451.5627060000
20230912,OI,IP,43500,O,.1193000000,.5138888889,53969,483.0000000000,.0000000000,.0000000000,1,0,.2561830000,482.8391920000
20230912,OI,IP,44000,O,.1193000000,.5138888889,53969,516.0000000000,.0000000000,.0000000000,1,0,.2511460000,516.4689850000
20230912,OI,IP,44500,O,.1193000000,.5138888889,53969,553.0000000000,.0000000000,.0000000000,1,0,.2461320000,552.6784880000
20230912,OI,IP,45000,O,.1193000000,.5138888889,53969,592.0000000000,.0000000000,.0000000000,1,0,.2411440000,591.7265730000
20230912,OI,IP,45500,O,.1193000000,.5138888889,53969,634.0000000000,.0000000000,.0000000000,1,0,.2361840000,633.8934230000
20230912,OI,IP,46000,O,.1193000000,.5138888889,53969,680.0000000000,.0000000000,.0000000000,1,0,.2312560000,679.5064250000
20230912,OI,IP,46500,O,.1193000000,.5138888889,53969,729.0000000000,.0000000000,.0000000000,1,0,.2263680000,728.9648880000
20230912,OI,IP,47000,O,.1193000000,.5138888889,53969,783.0000000000,.0000000000,.0000000000,1,0,.2215300000,782.7339250000
20230912,OI,IP,47500,O,.1193000000,.5138888889,53969,841.0000000000,.0000000000,.0000000000,1,0,.2167380000,841.1995510000
20230912,OI,IP,48000,O,.1193000000,.5138888889,53969,905.0000000000,.0000000000,.0000000000,1,0,.2120010000,904.9123250000
20230912,OI,IP,48500,O,.1193000000,.5138888889,53969,975.0000000000,.0000000000,.0000000000,1,0,.2073330000,974.5359700000
20230912,OI,IP,49000,O,.1193000000,.5138888889,53969,1051.0000000000,.0000000000,.0000000000,1,0,.2027500000,1050.8294530000
20230912,OI,IP,49500,O,.1193000000,.5138888889,53969,1135.0000000000,.0000000000,.0000000000,1,0,.1982900000,1134.8828160000
20230912,OI,IP,50000,O,.1193000000,.5138888889,53969,1228.0000000000,.0000000000,.0000000000,1,0,.1939920000,1227.9185230000
20230912,OI,IP,50500,O,.1193000000,.5138888889,53969,1331.0000000000,.0000000000,.0000000000,1,0,.1899040000,1331.3876630000
20230912,OI,IP,51000,O,.1193000000,.5138888889,53969,1447.0000000000,.0000000000,.0000000000,1,0,.1861100000,1447.3222870000
20230912,OI,IP,51500,O,.1193000000,.5138888889,53969,1579.0000000000,.0000000000,.0000000000,1,0,.1827480000,1578.6215610000
20230912,OI,IP,52000,O,.1193000000,.5138888889,53969,1730.0000000000,.0000000000,.0000000000,1,0,.1800670000,1729.8725500000
20230912,OI,IP,52500,O,.1193000000,.5138888889,53969,1909.0000000000,.0000000000,.0000000000,1,0,.1785680000,1909.3815460000
20230912,OI,IP,53000,O,.1193000000,.5138888889,53969,2137.0000000000,.0000000000,.0000000000,1,0,.1795770000,2137.3857580000
20230912,OI,IP,53500,O,.1193000000,.5138888889,53969,2468.0000000000,.0000000000,.0000000000,1,0,.1867740000,2468.2220360000
20230912,OI,IP,54000,O,.1193000000,.5138888889,53969,2900.0000000000,.0000000000,.0000000000,1,0,.1998940000,2899.5378660000
20230912,OI,IP,54500,O,.1193000000,.5138888889,53969,3351.0000000000,.0000000000,.0000000000,1,0,.2134520000,3351.0106910000
20230912,OI,IP,55000,O,.1193000000,.5138888889,53969,3802.0000000000,.0000000000,.0000000000,1,0,.2261730000,3801.9337500000
20230912,OI,IP,55500,O,.1193000000,.5138888889,53969,4252.0000000000,.0000000000,.0000000000,1,0,.2381850000,4252.3920620000
20230912,OI,IP,56000,O,.1193000000,.5138888889,53969,4703.0000000000,.0000000000,.0000000000,1,0,.2495880000,4702.5173780000
20230912,OI,IP,56500,O,.1193000000,.5138888889,53969,5152.0000000000,.0000000000,.0000000000,1,0,.2604570000,5152.3813840000
20230912,OI,IP,57000,O,.1193000000,.5138888889,53969,5602.0000000000,.0000000000,.0000000000,1,0,.2708520000,5602.0489730000
20230912,OI,IP,57500,O,.1193000000,.5138888889,53969,6052.0000000000,.0000000000,.0000000000,1,0,.2808240000,6051.6059020000
20230912,OI,IP,58000,O,.1193000000,.5138888889,53969,6501.0000000000,.0000000000,.0000000000,1,0,.2904130000,6501.0921510000
20230912,OI,IP,58500,O,.1193000000,.5138888889,53969,6951.0000000000,.0000000000,.0000000000,1,0,.2996530000,6950.5469190000
20230912,OI,IP,59000,O,.1193000000,.5138888889,53969,7400.0000000000,.0000000000,.0000000000,1,0,.3085750000,7400.0317520000
20230912,OI,IP,59500,O,.1193000000,.5138888889,53969,7850.0000000000,.0000000000,.0000000000,1,0,.3172010000,7849.5340890000
20230912,OI,IP,60000,O,.1193000000,.5138888889,53969,8299.0000000000,.0000000000,.0000000000,1,0,.3255530000,8299.0826630000
20230912,OI,IP,60500,O,.1193000000,.5138888889,53969,8749.0000000000,.0000000000,.0000000000,1,0,.3336490000,8748.6845180000
20230912,OI,IP,61000,O,.1193000000,.5138888889,53969,9198.0000000000,.0000000000,.0000000000,1,0,.3415060000,9198.3603750000
20230912,OI,IP,61500,O,.1193000000,.5138888889,53969,9648.0000000000,.0000000000,.0000000000,1,0,.3491420000,9648.1663440000
20230912,OI,IP,62000,O,.1193000000,.5138888889,53969,10098.0000000000,.0000000000,.0000000000,1,0,.3565670000,10098.0700760000
20230912,OI,IP,62500,O,.1193000000,.5138888889,53969,10548.0000000000,.0000000000,.0000000000,1,0,.3637910000,10548.0562540000
20230912,OI,IP,63000,O,.1193000000,.5138888889,53969,10998.0000000000,.0000000000,.0000000000,1,0,.3708260000,10998.1497810000
20230912,OI,IP,63500,O,.1193000000,.5138888889,53969,11448.0000000000,.0000000000,.0000000000,1,0,.3776870000,11448.4253720000
20230912,OI,IP,64000,O,.1193000000,.5138888889,53969,11899.0000000000,.0000000000,.0000000000,1,0,.3843770000,11898.8117000000
20230912,OI,IP,64500,O,.1193000000,.5138888889,53969,12349.0000000000,.0000000000,.0000000000,1,0,.3909040000,12349.3120730000
20230912,OI,IP,65000,O,.1193000000,.5138888889,53969,12800.0000000000,.0000000000,.0000000000,1,0,.3972760000,12799.9374380000
20230912,OI,IP,65500,O,.1193000000,.5138888889,53969,13251.0000000000,.0000000000,.0000000000,1,0,.4035060000,13250.7679360000
20230912,OI,IP,66000,O,.1193000000,.5138888889,53969,13702.0000000000,.0000000000,.0000000000,1,0,.4095930000,13701.7129940000
20230912,OI,IP,66500,O,.1193000000,.5138888889,53969,14153.0000000000,.0000000000,.0000000000,1,0,.4155430000,14152.7765490000
20230912,OI,IP,67000,O,.1193000000,.5138888889,53969,14604.0000000000,.0000000000,.0000000000,1,0,.4213650000,14604.0039660000
20230912,OI,IP,67500,O,.1193000000,.5138888889,53969,15055.0000000000,.0000000000,.0000000000,1,0,.4270660000,15055.4191540000
20230912,OI,IP,68000,O,.1193000000,.5138888889,53969,15507.0000000000,.0000000000,.0000000000,1,0,.4326450000,15506.9524030000
20230912,OI,IP,68500,O,.1193000000,.5138888889,53969,15959.0000000000,.0000000000,.0000000000,1,0,.4381060000,15958.5994520000
20230912,OI,IP,69000,O,.1193000000,.5138888889,53969,16410.0000000000,.0000000000,.0000000000,1,0,.4434640000,16410.4902900000
20230912,OI,IP,69500,O,.1193000000,.5138888889,53969,16862.0000000000,.0000000000,.0000000000,1,0,.4487120000,16862.4937570000
20230912,OI,IP,70000,O,.1193000000,.5138888889,53969,17315.0000000000,.0000000000,.0000000000,1,0,.4538540000,17314.6141480000
20230912,OI,IP,40000,R,.1210190000,.7861111111,55110,379.0000000000,.0000000000,.0000000000,1,0,.2636660000,378.9970580000
20230912,OI,IP,40500,R,.1210190000,.7861111111,55110,415.0000000000,.0000000000,.0000000000,1,0,.2614570000,414.5869730000
20230912,OI,IP,41000,R,.1210190000,.7861111111,55110,454.0000000000,.0000000000,.0000000000,1,0,.2594330000,454.0963840000
20230912,OI,IP,41500,R,.1210190000,.7861111111,55110,498.0000000000,.0000000000,.0000000000,1,0,.2576660000,498.4151950000
20230912,OI,IP,42000,R,.1210190000,.7861111111,55110,548.0000000000,.0000000000,.0000000000,1,0,.2561220000,547.7993150000
20230912,OI,IP,42500,R,.1210190000,.7861111111,55110,603.0000000000,.0000000000,.0000000000,1,0,.2547910000,602.6613890000
20230912,OI,IP,43000,R,.1210190000,.7861111111,55110,664.0000000000,.0000000000,.0000000000,1,0,.2536840000,663.5940290000
20230912,OI,IP,43500,R,.1210190000,.7861111111,55110,731.0000000000,.0000000000,.0000000000,1,0,.2528080000,731.1951050000
20230912,OI,IP,44000,R,.1210190000,.7861111111,55110,806.0000000000,.0000000000,.0000000000,1,0,.2521730000,806.1199810000
20230912,OI,IP,44500,R,.1210190000,.7861111111,55110,889.0000000000,.0000000000,.0000000000,1,0,.2517870000,889.0348110000
20230912,OI,IP,45000,R,.1210190000,.7861111111,55110,981.0000000000,.0000000000,.0000000000,1,0,.2516580000,980.6259690000
20230912,OI,IP,45500,R,.1210190000,.7861111111,55110,1082.0000000000,.0000000000,.0000000000,1,0,.2517940000,1081.5923980000
20230912,OI,IP,46000,R,.1210190000,.7861111111,55110,1193.0000000000,.0000000000,.0000000000,1,0,.2522020000,1192.6252440000
20230912,OI,IP,46500,R,.1210190000,.7861111111,55110,1314.0000000000,.0000000000,.0000000000,1,0,.2528890000,1314.4074230000
20230912,OI,IP,47000,R,.1210190000,.7861111111,55110,1448.0000000000,.0000000000,.0000000000,1,0,.2538710000,1447.7164170000
20230912,OI,IP,47500,R,.1210190000,.7861111111,55110,1593.0000000000,.0000000000,.0000000000,1,0,.2551460000,1593.0832720000
20230912,OI,IP,48000,R,.1210190000,.7861111111,55110,1751.0000000000,.0000000000,.0000000000,1,0,.2567070000,1750.9126370000
20230912,OI,IP,48500,R,.1210190000,.7861111111,55110,1922.0000000000,.0000000000,.0000000000,1,0,.2585580000,1921.6877330000
20230912,OI,IP,49000,R,.1210190000,.7861111111,55110,2106.0000000000,.0000000000,.0000000000,1,0,.2607120000,2105.9609520000
20230912,OI,IP,49500,R,.1210190000,.7861111111,55110,2304.0000000000,.0000000000,.0000000000,1,0,.2631760000,2304.1429640000
20230912,OI,IP,50000,R,.1210190000,.7861111111,55110,2516.0000000000,.0000000000,.0000000000,1,0,.2659380000,2516.2849950000
20230912,OI,IP,50500,R,.1210190000,.7861111111,55110,2742.0000000000,.0000000000,.0000000000,1,0,.2689940000,2742.4650550000
20230912,OI,IP,51000,R,.1210190000,.7861111111,55110,2983.0000000000,.0000000000,.0000000000,1,0,.2723370000,2982.6300370000
20230912,OI,IP,51500,R,.1210190000,.7861111111,55110,3237.0000000000,.0000000000,.0000000000,1,0,.2759570000,3236.5960110000
20230912,OI,IP,52000,R,.1210190000,.7861111111,55110,3504.0000000000,.0000000000,.0000000000,1,0,.2798410000,3504.0516700000
20230912,OI,IP,52500,R,.1210190000,.7861111111,55110,3785.0000000000,.0000000000,.0000000000,1,0,.2839730000,3784.5644700000
20230912,OI,IP,53000,R,.1210190000,.7861111111,55110,4078.0000000000,.0000000000,.0000000000,1,0,.2883370000,4077.6397590000
20230912,OI,IP,53500,R,.1210190000,.7861111111,55110,4383.0000000000,.0000000000,.0000000000,1,0,.2929130000,4382.6642710000
20230912,OI,IP,54000,R,.1210190000,.7861111111,55110,4699.0000000000,.0000000000,.0000000000,1,0,.2976810000,4698.9840900000
20230912,OI,IP,54500,R,.1210190000,.7861111111,55110,5026.0000000000,.0000000000,.0000000000,1,0,.3026180000,5025.8642230000
20230912,OI,IP,55000,R,.1210190000,.7861111111,55110,5363.0000000000,.0000000000,.0000000000,1,0,.3077020000,5362.5676860000
20230912,OI,IP,55500,R,.1210190000,.7861111111,55110,5710.0000000000,.0000000000,.0000000000,1,0,.3129870000,5709.6818850000
20230912,OI,IP,56000,R,.1210190000,.7861111111,55110,6065.0000000000,.0000000000,.0000000000,1,0,.3183750000,6065.1325560000
20230912,OI,IP,56500,R,.1210190000,.7861111111,55110,6428.0000000000,.0000000000,.0000000000,1,0,.3238320000,6427.9613270000
20230912,OI,IP,57000,R,.1210190000,.7861111111,55110,6797.0000000000,.0000000000,.0000000000,1,0,.3293340000,6797.3961150000
20230912,OI,IP,57500,R,.1210190000,.7861111111,55110,7173.0000000000,.0000000000,.0000000000,1,0,.3348640000,7172.8038200000
20230912,OI,IP,58000,R,.1210190000,.7861111111,55110,7553.0000000000,.0000000000,.0000000000,1,0,.3404010000,7553.4987640000
20230912,OI,IP,58500,R,.1210190000,.7861111111,55110,7940.0000000000,.0000000000,.0000000000,1,0,.3459640000,7939.5205590000
20230912,OI,IP,59000,R,.1210190000,.7861111111,55110,8330.0000000000,.0000000000,.0000000000,1,0,.3515260000,8330.1152090000
20230912,OI,IP,59500,R,.1210190000,.7861111111,55110,8724.0000000000,.0000000000,.0000000000,1,0,.3570400000,8724.1967330000
20230912,OI,IP,60000,R,.1210190000,.7861111111,55110,9121.0000000000,.0000000000,.0000000000,1,0,.3624950000,9121.3348190000
20230912,OI,IP,60500,R,.1210190000,.7861111111,55110,9521.0000000000,.0000000000,.0000000000,1,0,.3678840000,9521.1883830000
20230912,OI,IP,61000,R,.1210190000,.7861111111,55110,9924.0000000000,.0000000000,.0000000000,1,0,.3732180000,9923.7484760000
20230912,OI,IP,61500,R,.1210190000,.7861111111,55110,10329.0000000000,.0000000000,.0000000000,1,0,.3784910000,10328.7228280000
20230912,OI,IP,62000,R,.1210190000,.7861111111,55110,10735.0000000000,.0000000000,.0000000000,1,0,.3836710000,10735.3821460000
20230912,OI,IP,62500,R,.1210190000,.7861111111,55110,11144.0000000000,.0000000000,.0000000000,1,0,.3887570000,11143.5537240000
20230912,OI,IP,63000,R,.1210190000,.7861111111,55110,11553.0000000000,.0000000000,.0000000000,1,0,.3937490000,11553.0943710000
20230912,OI,IP,63500,R,.1210190000,.7861111111,55110,11964.0000000000,.0000000000,.0000000000,1,0,.3986710000,11964.2848640000
20230912,OI,IP,64000,R,.1210190000,.7861111111,55110,12376.0000000000,.0000000000,.0000000000,1,0,.4034890000,12376.4155970000
20230912,OI,IP,64500,R,.1210190000,.7861111111,55110,12789.0000000000,.0000000000,.0000000000,1,0,.4082070000,12789.4436110000
20230912,OI,IP,65000,R,.1210190000,.7861111111,55110,13203.0000000000,.0000000000,.0000000000,1,0,.4128270000,13203.2993680000
20230912,OI,IP,65500,R,.1210190000,.7861111111,55110,13618.0000000000,.0000000000,.0000000000,1,0,.4173670000,13618.1917750000
20230912,OI,IP,66000,R,.1210190000,.7861111111,55110,14034.0000000000,.0000000000,.0000000000,1,0,.4218070000,14033.6903190000
20230912,OI,IP,66500,R,.1210190000,.7861111111,55110,14450.0000000000,.0000000000,.0000000000,1,0,.4261490000,14449.7463190000
20230912,OI,IP,67000,R,.1210190000,.7861111111,55110,14866.0000000000,.0000000000,.0000000000,1,0,.4304050000,14866.4840180000
20230912,OI,IP,67500,R,.1210190000,.7861111111,55110,15284.0000000000,.0000000000,.0000000000,1,0,.4345770000,15283.8630320000
20230912,OI,IP,68000,R,.1210190000,.7861111111,55110,15702.0000000000,.0000000000,.0000000000,1,0,.4386550000,15701.6481670000
20230912,OI,IP,68500,R,.1210190000,.7861111111,55110,16120.0000000000,.0000000000,.0000000000,1,0,.4426450000,16119.8763100000
20230912,OI,IP,69000,R,.1210190000,.7861111111,55110,16539.0000000000,.0000000000,.0000000000,1,0,.4465640000,16538.7680500000
20230912,OI,IP,69500,R,.1210190000,.7861111111,55110,16958.0000000000,.0000000000,.0000000000,1,0,.4503960000,16958.0021810000
20230912,OI,IP,70000,R,.1210190000,.7861111111,55110,17378.0000000000,.0000000000,.0000000000,1,0,.4541430000,17377.5595650000
20230912,OI,IP,40000,U,.1114560000,.0083333333,51804,.0000000000,.0000000000,.0000000000,1,0,.3095710000,.0000000000
20230912,OI,IP,40500,U,.1114560000,.0083333333,51804,.0000000000,.0000000000,.0000000000,1,0,.2995280000,.0000000000
20230912,OI,IP,41000,U,.1114560000,.0083333333,51804,.0000000000,.0000000000,.0000000000,1,0,.2896250000,.0000000000
20230912,OI,IP,41500,U,.1114560000,.0083333333,51804,.0000000000,.0000000000,.0000000000,1,0,.2792760000,.0000000000
20230912,OI,IP,42000,U,.1114560000,.0083333333,51804,.0000000000,.0000000000,.0000000000,1,0,.2690680000,.0000000000
20230912,OI,IP,42500,U,.1114560000,.0083333333,51804,.0000000000,.0000000000,.0000000000,1,0,.2713820000,.0000000000
20230912,OI,IP,43000,U,.1114560000,.0083333333,51804,.0000000000,.0000000000,.0000000000,1,0,.2498370000,.0000000000
20230912,OI,IP,43500,U,.1114560000,.0083333333,51804,.0000000000,.0000000000,.0000000000,1,0,.2567330000,.0000000000
20230912,OI,IP,44000,U,.1114560000,.0083333333,51804,.0000000000,.0000000000,.0000000000,1,0,.3141850000,.0000010000
20230912,OI,IP,44500,U,.1114560000,.0083333333,51804,.0000000000,.0000000000,.0000000000,1,0,.2537030000,.0000000000
20230912,OI,IP,45000,U,.1114560000,.0083333333,51804,.0000000000,.0000000000,.0000000000,1,0,.2783740000,.0000020000
20230912,OI,IP,45500,U,.1114560000,.0083333333,51804,.0000000000,.0000000000,.0000000000,1,0,.2553670000,.0000020000
20230912,OI,IP,46000,U,.1114560000,.0083333333,51804,.0000000000,.0000000000,.0000000000,1,0,.2579050000,.0000390000
20230912,OI,IP,46500,U,.1114560000,.0083333333,51804,.0000000000,.0000000000,.0000000000,1,0,.2499280000,.0002020000
20230912,OI,IP,47000,U,.1114560000,.0083333333,51804,.0000000000,.0000000000,.0000000000,1,0,.2374010000,.0006620000
20230912,OI,IP,47500,U,.1114560000,.0083333333,51804,.0000000000,.0000000000,.0000000000,1,0,.2295870000,.0034670000
20230912,OI,IP,48000,U,.1114560000,.0083333333,51804,.0000000000,.0000000000,.0000000000,1,0,.2229480000,.0192000000
20230912,OI,IP,48500,U,.1114560000,.0083333333,51804,.0000000000,.0000000000,.0000000000,1,0,.2167290000,.1018230000
20230912,OI,IP,49000,U,.1114560000,.0083333333,51804,.0000000000,.0000000000,.0000000000,1,0,.2106140000,.4954450000
20230912,OI,IP,49500,U,.1114560000,.0083333333,51804,2.0000000000,.0000000000,.0000000000,1,0,.2044770000,2.1644420000
20230912,OI,IP,50000,U,.1114560000,.0083333333,51804,8.0000000000,120.0000000000,.0000000000,1,1,.1982600000,8.3623280000
20230912,OI,IP,50500,U,.1114560000,.0083333333,51804,28.0000000000,.0000000000,.0000000000,1,0,.1919210000,28.1931610000
20230912,OI,IP,51000,U,.1114560000,.0083333333,51804,82.0000000000,.0000000000,150.0000000000,1,1,.1854080000,81.9398810000
20230912,OI,IP,51500,U,.1114560000,.0083333333,51804,203.0000000000,20.0000000000,.0000000000,1,1,.1786380000,203.3240990000
20230912,OI,IP,52000,U,.1114560000,.0083333333,51804,429.0000000000,30.0000000000,.0000000000,1,1,.1714990000,428.9781230000
20230912,OI,IP,52500,U,.1114560000,.0083333333,51804,773.0000000000,35.0000000000,.0000000000,1,1,.1640010000,773.4865010000
20230912,OI,IP,53000,U,.1114560000,.0083333333,51804,1212.0000000000,.0000000000,.0000000000,1,0,.1572420000,1212.1737970000
20230912,OI,IP,53500,U,.1114560000,.0083333333,51804,1698.0000000000,.0000000000,.0000000000,1,0,.1578660000,1697.5837570000
20230912,OI,IP,54000,U,.1114560000,.0083333333,51804,2196.0000000000,.0000000000,.0000000000,1,0,.1824320000,2195.6304020000
20230912,OI,IP,54500,U,.1114560000,.0083333333,51804,2695.0000000000,.0000000000,.0000000000,1,0,.2200080000,2695.3155310000
20230912,OI,IP,55000,U,.1114560000,.0083333333,51804,3195.0000000000,.0000000000,.0000000000,1,0,.2577420000,3195.0497970000
20230912,OI,IP,55500,U,.1114560000,.0083333333,51804,3695.0000000000,.0000000000,.0000000000,1,0,.2941340000,3694.7192190000
20230912,OI,IP,56000,U,.1114560000,.0083333333,51804,4194.0000000000,.0000000000,.0000000000,1,0,.3290800000,4194.3234500000
20230912,OI,IP,56500,U,.1114560000,.0083333333,51804,4694.0000000000,.0000000000,.0000000000,1,0,.3627320000,4693.8796310000
20230912,OI,IP,57000,U,.1114560000,.0083333333,51804,5193.0000000000,.0000000000,.0000000000,1,0,.3952110000,5193.4006200000
20230912,OI,IP,57500,U,.1114560000,.0083333333,51804,5693.0000000000,.0000000000,.0000000000,1,0,.4266060000,5692.8955100000
20230912,OI,IP,58000,U,.1114560000,.0083333333,51804,6192.0000000000,.0000000000,.0000000000,1,0,.4569950000,6192.3713850000
20230912,OI,IP,58500,U,.1114560000,.0083333333,51804,6692.0000000000,.0000000000,.0000000000,1,0,.4864310000,6691.8330360000
20230912,OI,IP,59000,U,.1114560000,.0083333333,51804,7191.0000000000,.0000000000,.0000000000,1,0,.5149620000,7191.2843260000
20230912,OI,IP,59500,U,.1114560000,.0083333333,51804,7691.0000000000,.0000000000,.0000000000,1,0,.5426280000,7690.7282280000
20230912,OI,IP,60000,U,.1114560000,.0083333333,51804,8190.0000000000,.0000000000,.0000000000,1,0,.5694600000,8190.1669640000
20230912,OI,IP,60500,U,.1114560000,.0083333333,51804,8690.0000000000,.0000000000,.0000000000,1,0,.5955060000,8689.6030080000
20230912,OI,IP,61000,U,.1114560000,.0083333333,51804,9189.0000000000,.0000000000,.0000000000,1,0,.6207790000,9189.0373380000
20230912,OI,IP,61500,U,.1114560000,.0083333333,51804,9688.0000000000,.0000000000,.0000000000,1,0,.6453000000,9688.4710860000
20230912,OI,IP,62000,U,.1114560000,.0083333333,51804,10188.0000000000,.0000000000,.0000000000,1,0,.6690860000,10187.9051360000
20230912,OI,IP,62500,U,.1114560000,.0083333333,51804,10687.0000000000,.0000000000,.0000000000,1,0,.6921650000,10687.3405250000
20230912,OI,IP,63000,U,.1114560000,.0083333333,51804,11185.0000000000,.0000000000,.0000000000,1,0,.3024670000,11185.4641260000
20230912,OI,IP,63500,U,.1114560000,.0083333333,51804,11685.0000000000,.0000000000,.0000000000,1,0,.3132500000,11684.9936060000
20230912,OI,IP,64000,U,.1114560000,.0083333333,51804,12185.0000000000,.0000000000,.0000000000,1,0,.3237400000,12184.5230870000
20230912,OI,IP,64500,U,.1114560000,.0083333333,51804,12684.0000000000,.0000000000,.0000000000,1,0,.3339590000,12684.0525670000
20230912,OI,IP,65000,U,.1114560000,.0083333333,51804,13184.0000000000,.0000000000,.0000000000,1,0,.3438830000,13183.5820480000
20230912,OI,IP,65500,U,.1114560000,.0083333333,51804,13683.0000000000,.0000000000,.0000000000,1,0,.3535010000,13683.1115280000
20230912,OI,IP,66000,U,.1114560000,.0083333333,51804,14183.0000000000,.0000000000,.0000000000,1,0,.3629180000,14182.6410080000
20230912,OI,IP,66500,U,.1114560000,.0083333333,51804,14683.0000000000,.0000000000,.0000000000,1,0,.8533340000,14682.9269400000
20230912,OI,IP,67000,U,.1114560000,.0083333333,51804,15182.0000000000,.0000000000,.0000000000,1,0,.3808980000,15181.6999690000
20230912,OI,IP,67500,U,.1114560000,.0083333333,51804,15681.0000000000,.0000000000,.0000000000,1,0,.2842850000,15681.2294500000
20230912,OI,IP,68000,U,.1114560000,.0083333333,51804,16181.0000000000,.0000000000,.0000000000,1,0,.3978880000,16180.7589300000
20230912,OI,IP,68500,U,.1114560000,.0083333333,51804,16680.0000000000,.0000000000,.0000000000,1,0,.4065350000,16680.2884110000
20230912,OI,IP,69000,U,.1114560000,.0083333333,51804,17180.0000000000,.0000000000,.0000000000,1,0,.3127540000,17179.8178910000
20230912,OI,IP,69500,U,.1114560000,.0083333333,51804,17679.0000000000,.0000000000,.0000000000,1,0,.4219380000,17679.3473710000
20230912,OI,IP,70000,U,.1114560000,.0083333333,51804,18179.0000000000,.0000000000,.0000000000,1,0,.4292510000,18178.8768520000
20230912,OI,IP,40000,X,.1167970000,.2611111111,52515,72.0000000000,.0000000000,.0000000000,1,0,.2832340000,71.6568390000
20230912,OI,IP,40500,X,.1167970000,.2611111111,52515,76.0000000000,.0000000000,.0000000000,1,0,.2749290000,75.9878580000
20230912,OI,IP,41000,X,.1167970000,.2611111111,52515,81.0000000000,.0000000000,.0000000000,1,0,.2666850000,80.7139870000
20230912,OI,IP,41500,X,.1167970000,.2611111111,52515,86.0000000000,.0000000000,.0000000000,1,0,.2585160000,85.9174340000
20230912,OI,IP,42000,X,.1167970000,.2611111111,52515,92.0000000000,.0000000000,.0000000000,1,0,.2504330000,91.6921610000
20230912,OI,IP,42500,X,.1167970000,.2611111111,52515,98.0000000000,.0000000000,.0000000000,1,0,.2424600000,98.1795350000
20230912,OI,IP,43000,X,.1167970000,.2611111111,52515,106.0000000000,.0000000000,.0000000000,1,0,.2346240000,105.5609430000
20230912,OI,IP,43500,X,.1167970000,.2611111111,52515,114.0000000000,.0000000000,.0000000000,1,0,.2269550000,114.0690010000
20230912,OI,IP,44000,X,.1167970000,.2611111111,52515,124.0000000000,.0000000000,.0000000000,1,0,.2194860000,124.0022160000
20230912,OI,IP,44500,X,.1167970000,.2611111111,52515,136.0000000000,.0000000000,.0000000000,1,0,.2122520000,135.7412270000
20230912,OI,IP,45000,X,.1167970000,.2611111111,52515,150.0000000000,.0000000000,.0000000000,1,0,.2052860000,149.7596420000
20230912,OI,IP,45500,X,.1167970000,.2611111111,52515,167.0000000000,.0000000000,.0000000000,1,0,.1986660000,166.8118620000
20230912,OI,IP,46000,X,.1167970000,.2611111111,52515,188.0000000000,.0000000000,.0000000000,1,0,.1923870000,187.5532300000
20230912,OI,IP,46500,X,.1167970000,.2611111111,52515,213.0000000000,.0000000000,.0000000000,1,0,.1864700000,212.8963250000
20230912,OI,IP,47000,X,.1167970000,.2611111111,52515,244.0000000000,.0000000000,.0000000000,1,0,.1809330000,243.9596540000
20230912,OI,IP,47500,X,.1167970000,.2611111111,52515,282.0000000000,.0000000000,.0000000000,1,0,.1757890000,282.0896410000
20230912,OI,IP,48000,X,.1167970000,.2611111111,52515,329.0000000000,.0000000000,.0000000000,1,0,.1710440000,328.8705830000
20230912,OI,IP,48500,X,.1167970000,.2611111111,52515,386.0000000000,.0000000000,.0000000000,1,0,.1667010000,386.1520090000
20230912,OI,IP,49000,X,.1167970000,.2611111111,52515,456.0000000000,.0000000000,.0000000000,1,0,.1627620000,456.0548240000
20230912,OI,IP,49500,X,.1167970000,.2611111111,52515,541.0000000000,.0000000000,.0000000000,1,0,.1592310000,540.9647160000
20230912,OI,IP,50000,X,.1167970000,.2611111111,52515,644.0000000000,.0000000000,.0000000000,1,0,.1561170000,643.5016980000
20230912,OI,IP,50500,X,.1167970000,.2611111111,52515,766.0000000000,.0000000000,.0000000000,1,0,.1534380000,766.4671610000
20230912,OI,IP,51000,X,.1167970000,.2611111111,52515,914.0000000000,.0000000000,.0000000000,1,0,.1513940000,914.3525740000
20230912,OI,IP,51500,X,.1167970000,.2611111111,52515,1090.0000000000,.0000000000,.0000000000,1,0,.1499660000,1089.5729870000
20230912,OI,IP,52000,X,.1167970000,.2611111111,52515,1295.0000000000,.0000000000,.0000000000,1,0,.1492320000,1294.8907630000
20230912,OI,IP,52500,X,.1167970000,.2611111111,52515,1533.0000000000,.0000000000,.0000000000,1,0,.1493280000,1532.8896790000
20230912,OI,IP,53000,X,.1167970000,.2611111111,52515,1806.0000000000,.0000000000,.0000000000,1,0,.1504300000,1805.5260830000
20230912,OI,IP,53500,X,.1167970000,.2611111111,52515,2114.0000000000,.0000000000,.0000000000,1,0,.1527560000,2113.9069820000
20230912,OI,IP,54000,X,.1167970000,.2611111111,52515,2458.0000000000,.0000000000,.0000000000,1,0,.1565540000,2458.0721630000
20230912,OI,IP,54500,X,.1167970000,.2611111111,52515,2837.0000000000,.0000000000,.0000000000,1,0,.1620650000,2836.7852760000
20230912,OI,IP,55000,X,.1167970000,.2611111111,52515,3247.0000000000,.0000000000,.0000000000,1,0,.1694660000,3247.4602920000
20230912,OI,IP,55500,X,.1167970000,.2611111111,52515,3686.0000000000,.0000000000,.0000000000,1,0,.1787840000,3686.0783260000
20230912,OI,IP,56000,X,.1167970000,.2611111111,52515,4149.0000000000,.0000000000,.0000000000,1,0,.1900640000,4149.3236860000
20230912,OI,IP,56500,X,.1167970000,.2611111111,52515,4625.0000000000,.0000000000,.0000000000,1,0,.2021770000,4624.8958620000
20230912,OI,IP,57000,X,.1167970000,.2611111111,52515,5106.0000000000,.0000000000,.0000000000,1,0,.2144590000,5105.9029740000
20230912,OI,IP,57500,X,.1167970000,.2611111111,52515,5589.0000000000,.0000000000,.0000000000,1,0,.2265590000,5588.7746220000
20230912,OI,IP,58000,X,.1167970000,.2611111111,52515,6072.0000000000,.0000000000,.0000000000,1,0,.2383020000,6071.7200730000
20230912,OI,IP,58500,X,.1167970000,.2611111111,52515,6554.0000000000,.0000000000,.0000000000,1,0,.2496570000,6554.2499380000
20230912,OI,IP,59000,X,.1167970000,.2611111111,52515,7036.0000000000,.0000000000,.0000000000,1,0,.2606460000,7036.3480110000
20230912,OI,IP,59500,X,.1167970000,.2611111111,52515,7518.0000000000,.0000000000,.0000000000,1,0,.2713000000,7518.0946430000
20230912,OI,IP,60000,X,.1167970000,.2611111111,52515,8000.0000000000,.0000000000,.0000000000,1,0,.2816420000,7999.5301080000
20230912,OI,IP,60500,X,.1167970000,.2611111111,52515,8481.0000000000,.0000000000,.0000000000,1,0,.2916960000,8480.7168820000
20230912,OI,IP,61000,X,.1167970000,.2611111111,52515,8962.0000000000,.0000000000,.0000000000,1,0,.3014800000,8961.6862990000
20230912,OI,IP,61500,X,.1167970000,.2611111111,52515,9442.0000000000,.0000000000,.0000000000,1,0,.3110130000,9442.4860870000
20230912,OI,IP,62000,X,.1167970000,.2611111111,52515,9923.0000000000,.0000000000,.0000000000,1,0,.3203100000,9923.1439130000
20230912,OI,IP,62500,X,.1167970000,.2611111111,52515,10404.0000000000,.0000000000,.0000000000,1,0,.3293830000,10403.6741330000
20230912,OI,IP,63000,X,.1167970000,.2611111111,52515,10884.0000000000,.0000000000,.0000000000,1,0,.3382440000,10884.0969600000
20230912,OI,IP,63500,X,.1167970000,.2611111111,52515,11364.0000000000,.0000000000,.0000000000,1,0,.3469040000,11364.4307480000
20230912,OI,IP,64000,X,.1167970000,.2611111111,52515,11845.0000000000,.0000000000,.0000000000,1,0,.3553750000,11844.7038260000
20230912,OI,IP,64500,X,.1167970000,.2611111111,52515,12325.0000000000,.0000000000,.0000000000,1,0,.3636630000,12324.9102740000
20230912,OI,IP,65000,X,.1167970000,.2611111111,52515,12805.0000000000,.0000000000,.0000000000,1,0,.3717760000,12805.0602290000
20230912,OI,IP,65500,X,.1167970000,.2611111111,52515,13285.0000000000,.0000000000,.0000000000,1,0,.3797250000,13285.1842320000
20230912,OI,IP,66000,X,.1167970000,.2611111111,52515,13765.0000000000,.0000000000,.0000000000,1,0,.3875150000,13765.2786840000
20230912,OI,IP,66500,X,.1167970000,.2611111111,52515,14245.0000000000,.0000000000,.0000000000,1,0,.3951510000,14245.3426310000
20230912,OI,IP,67000,X,.1167970000,.2611111111,52515,14725.0000000000,.0000000000,.0000000000,1,0,.4026380000,14725.3773170000
20230912,OI,IP,67500,X,.1167970000,.2611111111,52515,15205.0000000000,.0000000000,.0000000000,1,0,.4099880000,15205.4251580000
20230912,OI,IP,68000,X,.1167970000,.2611111111,52515,15685.0000000000,.0000000000,.0000000000,1,0,.4172010000,15685.4614710000
20230912,OI,IP,68500,X,.1167970000,.2611111111,52515,16165.0000000000,.0000000000,.0000000000,1,0,.4242800000,16165.4808070000
20230912,OI,IP,69000,X,.1167970000,.2611111111,52515,16646.0000000000,.0000000000,.0000000000,1,0,.4312350000,16645.5171590000
20230912,OI,IP,69500,X,.1167970000,.2611111111,52515,17126.0000000000,.0000000000,.0000000000,1,0,.4380690000,17125.5666920000
20230912,OI,IP,70000,X,.1167970000,.2611111111,52515,17606.0000000000,.0000000000,.0000000000,1,0,.4447810000,17605.6058200000
